Country Name	Country Code	1960	1961	1962	1963	1964	1965	1966	1967	1968	1969	1970	1971	1972	1973	1974	1975	1976	1977	1978	1979	1980	1981	1982	1983	1984	1985	1986	1987	1988	1989	1990	1991	1992	1993	1994	1995	1996	1997	1998	1999	2000	2001	2002	2003	2004	2005	2006	2007	2008	2009	2010	2011	2012	2013	2014	2015	2016	2017	2018	2019	2020
Aruba	ABW																																																													
Afghanistan	AFG																															3049464	3282558	3591020	3930041	4248904	4520584	4672419	4760554	4823415	4906827	5037884	5265763	5554075	5875424	6193483	6485734	6633635	6747873	6854807	6988855	7173385	7499332	7891605	8307325	8741565	9176450	9566712	9947922	10334090	10699797	11082536
Angola	AGO																															4844454	4997629	5161494	5342686	5518908	5697881	5875950	6067249	6270582	6486187	6712338	6936488	7167634	7419387	7682222	7959356	8244573	8546658	8866821	9209352	9560441	9910112	10270167	10646623	11034611	11437925	11848410	12268842	12705486	13164276	13643732
Albania	ALB																															1404177	1421315	1412543	1387992	1364534	1336162	1331113	1345962	1340278	1330854	1326457	1313708	1312904	1300008	1286360	1271718	1260246	1247349	1234332	1226444	1225905	1255187	1286424	1213692	1235799	1289562	1302836	1316869	1318022	1313923	1311392
Andorra	AND																																																													
Arab World	ARB																															61300691	63331672	64597339	66896114	69530087	72208156	74051725	75881182	77685309	80583510	82910833	84903329	87011175	89953675	92912576	95996947	99233491	103120329	106452414	110135984	114080695	117309385	120706583	124393869	126810652	128899978	131292681	132613483	135265885	138180908	141049623
United Arab Emirates	ARE																															917445	986208	1062977	1148008	1232933	1318557	1385087	1462752	1551220	1649882	1760661	1896799	2048250	2245387	2534069	2943284	3493104	4187515	4946407	5654272	6220548	6473048	6576816	6583303	6572188	6600371	6612725	6676278	6752973	6840917	6922233
Argentina	ARG																															13580769	13858142	14149418	14466817	14760835	14931890	15233042	15583456	15883645	16082632	16324711	16519968	16592778	16978859	17375102	17521844	17833649	17855169	17877897	18229085	18222853	18557537	18770957	18931350	19009264	19360544	19696452	20035267	20551682	20772672	20977426
Armenia	ARM																															1422950	1405666	1375031	1336754	1298639	1266047	1245939	1233426	1226818	1222890	1219082	1221450	1222954	1224345	1227033	1231694	1234371	1238954	1243022	1253006	1310196	1341719	1351021	1360350	1348081	1334775	1310061	1303653	1303093	1303565	1302781
American Samoa	ASM																																																													
Antigua and Barbuda	ATG																																																													
Australia	AUS																															8498895	8543473	8617736	8652449	8821491	9026446	9155096	9221985	9323232	9417078	9603309	9790082	9946953	10127333	10247722	10557407	10803715	10974112	11266230	11503673	11702473	11870404	12032218	12206719	12350344	12585539	12742247	12989073	13254463	13414956	13533345
Austria	AUT																															3568280	3617487	3696441	3731731	3827586	3862031	3834266	3823947	3859067	3888031	3899049	3886923	3972924	3992277	3891230	4017205	4074387	4162676	4209458	4256745	4276558	4305238	4352557	4394140	4412653	4460833	4537043	4566743	4601213	4613292	4622725
Azerbaijan	AZE																															2897192	2936261	3013834	3103070	3188705	3258293	3305940	3348852	3389934	3439523	3498495	3567682	3637708	3711398	3794531	3888448	3978806	4076982	4218516	4358559	4454609	4543044	4627397	4702693	4791071	4875807	4969726	5033862	5091052	5103137	5114769
Burundi	BDI																															2565794	2573473	2582348	2590831	2597549	2602850	2605786	2606486	2609901	2629302	2661289	2734529	2821992	2921260	3028690	3141105	3253799	3373540	3497692	3623258	3748367	3860027	3972540	4086043	4201649	4350268	4503184	4660778	4822373	4983237	5148173
Belgium	BEL																															3948867	4037587	4076552	4100442	4163102	4194918	4197481	4218297	4255095	4367000	4411179	4307572	4350412	4381675	4465111	4616055	4634840	4722773	4766246	4788280	4887403	4867090	4902316	4957316	4983423	5000910	5005505	5037405	5089752	5101824	5105726
Benin	BEN																															1954579	2022648	2096810	2177716	2260590	2343986	2415916	2488738	2563039	2639937	2720193	2800140	2884087	2983550	3084631	3186622	3279879	3374022	3469776	3568160	3670008	3771584	3887618	4007569	4132698	4264772	4397957	4535767	4678297	4833491	4993954
Burkina Faso	BFA																															3865030	3963232	4044109	4130270	4222030	4318217	4403683	4496429	4594394	4696216	4801704	4896298	4996778	5101832	5211766	5324990	5428597	5544104	5662809	5783758	5906179	6017180	6131589	6246649	6360004	6572285	6787426	7009083	7238229	7468213	7707736
Bangladesh	BGD																															34524774	35545695	36613055	37730242	38901986	40131662	41318615	42561914	43846915	45155414	46470368	47677319	48905212	50129634	51320867	52466130	53399097	54338014	55255746	56179947	57127914	58194620	59275453	60370738	61480265	62595846	63698450	67454903	68791250	70009461	71180785
Bulgaria	BGR																															4028764	3995541	3968681	3900109	3848429	3788868	3728356	3661097	3587728	3513739	3436886	3508598	3419346	3349824	3392066	3332860	3439496	3513246	3576562	3501096	3416502	3332676	3342114	3367629	3360383	3333802	3264392	3357160	3327614	3295081	3262652
Bahrain	BHR																															217010	222200	229882	238525	247930	257703	264010	271342	280117	291226	305448	325858	349795	378724	413255	453393	501670	556627	614139	668256	714127	726937	739585	747319	758359	777895	817831	869405	926959	978624	1022526
Bahamas, The	BHS																															124675	129355	133583	137491	141333	144410	146644	149047	151756	154591	157288	160853	164397	167641	170909	174338	178617	182672	186374	189840	193542	197179	201134	205037	208884	212614	216368	219835	223064	226287	229386
Bosnia and Herzegovina	BIH																															1591010	1561614	1514686	1458838	1405670	1362666	1339668	1328760	1326884	1329864	1334213	1338326	1345605	1354549	1363611	1364834	1370139	1396381	1422399	1419473	1434341	1409640	1404547	1397545	1387418	1363985	1347240	1328960	1319691	1306464	1294171
Belarus	BLR																															4699886	4686929	4690168	4703431	4711867	4719209	4731320	4734189	4741280	4759854	4804827	4841462	4875443	4907190	4937435	4964961	4981592	5006973	5035892	5066340	5090380	5098113	5103198	5106387	5107036	5106430	5106665	5097017	5087320	5036882	4987230
Belize	BLZ																															61988	63509	64844	66080	67472	69722	72891	76795	81027	85313	89510	93651	97765	101940	106272	110813	114811	118883	123023	127214	131444	136111	140788	145520	151507	156875	164047	168345	173515	178514	183771
Bermuda	BMU																																																													
Bolivia	BOL																															2872047	2947257	3016303	3099116	3186616	3276755	3362172	3452655	3538104	3623057	3710432	3817350	3927192	4039626	4154581	4271982	4389454	4420408	4541783	4641389	4740398	4836945	4744597	4875374	5124437	4925990	5080592	5293299	5631725	5735836	5838629
Brazil	BRA																															59920078	61473096	63397868	65352451	67376427	69484734	69626959	72072769	74043475	76474668	78492808	80429456	82986830	84687253	87249646	89725161	90821471	91963822	93486539	95333404	95231965	95052710	97597798	98903783	99932834	101600929	102508951	104260712	105542232	106500838	107371779
Barbados	BRB																															136443	134951	137561	139629	141439	143737	142986	143798	144369	144799	145088	146307	147362	148318	150525	151204	151721	152208	152584	152771	152537	153293	151726	154227	150315	152361	154871	155167	155314	155296	155113
Brunei Darussalam	BRN																															110138	113831	117939	122282	126887	131766	136091	140814	145949	151413	157089	161013	164737	168676	172748	176832	179338	181960	184798	187870	191151	194903	198258	201351	204384	207455	209853	212574	214427	216860	218346
Bhutan	BTN																															212232	212566	211576	210040	209001	209184	213369	219525	227233	235928	245167	254976	265422	276213	286963	297378	304768	311664	318302	325032	322183	320350	315281	325213	323981	348432	356732	364557	371964	380085	388490
Botswana	BWA																															428935	445533	461921	478225	494903	512192	529376	547296	566854	578755	588771	613499	637728	661949	687064	713601	741279	759980	779048	796839	776304	843186	900393	950641	962577	978489	999036	1023359	1049545	1080610	1111375
Central African Republic	CAF																															1147289	1176065	1210497	1247431	1285359	1323158	1357839	1390887	1424204	1458439	1494763	1524695	1555315	1588110	1619400	1652083	1680999	1710290	1738594	1761917	1780987	1785366	1783726	1789299	1788255	1791677	1811923	1838756	1871101	1914794	1961831
Canada	CAN																															14665234	14739921	14714884	14801787	14931908	15027040	15163603	15403647	15649990	15934261	16189868	16458228	16942178	17343225	17553284	17696331	17912331	18275769	18575838	18711171	18917305	19061863	19250514	19476848	19561623	19679325	19887912	20164604	20344918	20583847	20712681
Central Europe and the Baltics	CEB																															52977580	52997227	52971915	52699812	52319501	51954594	51338204	51081019	50919601	50855821	50808803	50667625	49225070	48930914	48882000	48857809	48933178	48852318	48971343	49038347	49254022	48966655	49231069	49287272	49600636	49521863	49443314	49832019	49724200	49355626	48944428
Switzerland	CHE																															3812437	3856516	3885803	3909559	3880992	3889216	3931677	3931958	3976878	3999626	3998249	4055798	4093971	4141397	4149210	4173121	4237308	4308538	4410564	4480400	4450103	4539303	4597138	4655996	4742519	4813826	4889830	4919831	4953967	4978166	4999315
Channel Islands	CHI																															67961	68307	68545	68945	69526	69736	69938	70563	71455	72385	72961	73463	74019	74394	74575	75278	76057	76963	77897	78819	79745	79604	80177	80745	81390	82301	83022	83728	84460	85147	85825
Chile	CHL																															5056650	5185169	5333014	5464670	5591290	5737111	5873386	6011984	6136950	6239824	6283159	6316231	6385894	6570751	6781761	6980489	7198581	7410415	7731123	7845618	8033000	8315407	8423909	8556606	8714329	8861615	9001237	9208644	9391133	9557893	9691976
China	CHN																															641523356	650029991	660785016	672602330	683564095	692423758	705015307	713316637	719268252	725942229	734773831	738870161	745105713	752357588	758781993	763709323	768086594	771363489	773615098	774937161	775351078	777894941	780282595	782215189	783684170	784597090	784950069	784839482	783424134	781074570	778700553
Cote d'Ivoire	CIV																															4429572	4592357	4764184	4943102	5125578	5303454	5464487	5632321	5798134	5933629	6063897	6146139	6222211	6295259	6370189	6450873	6540409	6639247	6746635	6861054	6981405	7111928	7248197	7390682	7540374	7697108	7849976	8067108	8294855	8536665	8785581
Cameroon	CMR																															5255894	5410453	5570745	5739612	5909504	6085068	6256088	6433607	6619090	6812480	7014076	7212518	7418868	7633627	7856322	8092025	8325869	8571180	8632726	8677515	8703555	8963584	9232780	9510227	9796407	10091929	10392255	10703273	11023646	11345979	11679110
Congo, Democratic Republic of the	COD																															13394584	13903333	14473327	15078556	15647444	16172994	16613602	17035209	17438482	17874557	18365733	18871607	19415518	19998299	20615900	21266406	21594548	21945077	22309872	22680758	23053225	23378057	23709989	24482056	25282845	26127406	26995422	27898477	28829943	29741906	30690929
Congo, Republic of the	COG																															891921	919076	947667	978420	1011660	1044662	1078514	1115254	1152887	1193438	1233110	1272390	1312872	1356406	1402269	1450416	1503533	1562618	1621607	1679826	1735836	1783089	1827735	1871247	1914102	1960470	2013099	2068663	2124852	2184551	2245612
Colombia	COL																															14111990	14487566	14887469	15308098	15744123	16183825	16564465	16991373	17385462	17693169	18121365	18561475	18959707	19518940	19511592	19705295	19816071	19930715	20482763	21751056	22438663	23075763	23782803	24041577	24476726	25054953	25429174	25860138	26229069	26787864	27271056
Comoros	COM																															94407	97667	100397	103508	107173	110448	113995	117311	120879	124510	127725	131374	135161	139112	143256	147532	151869	156573	161237	166168	171254	176337	181731	187180	193020	199105	204984	211006	217181	223593	229999
Cabo Verde	CPV																															112178	114742	117733	121031	124500	128035	131111	134289	137534	140816	144173	148545	152770	157030	161547	166403	172030	177947	183979	189842	195394	200933	206243	211243	215935	220345	224655	228836	233404	238022	242396
Costa Rica	CRI																															1175780	1204174	1221824	1275697	1325195	1389639	1387392	1485844	1571736	1609637	1623160	1731137	1767802	1816428	1829064	1942025	1977763	2049648	2082867	2106349	2108044	2123601	2294474	2317009	2343032	2338013	2272972	2336778	2445858	2473778	2499290
Caribbean small states	CSS																															2423510	2461880	2501717	2538391	2579242	2608406	2635756	2658124	2677701	2702010	2724333	2749961	2775548	2814133	2860029	2902641	2938184	2970279	3003205	3028441	3049347	3076050	3116385	3182365	3219871	3258646	3318981	3365700	3377342	3406886	3434007
Cuba	CUB																															4134181	4197624	4261564	4321110	4370714	4407680	4448107	4470349	4485877	4500514	4528577	4551365	4590945	4640916	4684822	4777465	4850233	4952687	5001558	5109690	5083177	5094241	5098794	5102300	5104226	5110937	5106504	5101642	5098886	5098407	5087758
Curacao	CUW																																																													
Cayman Islands	CYM																																																													
Cyprus	CYP																															341780	351777	359807	369084	381026	388654	399418	411950	420651	431777	445184	465339	475442	494573	509256	518098	531589	546817	557591	570796	585666	585583	589090	593752	604594	604302	603072	611083	625713	629536	632970
Czechia	CZE																															4948460	4979972	5024964	5079466	5138591	5158888	5156836	5134632	5155906	5184158	5153252	5132338	5133936	5128133	5125017	5180451	5186176	5185801	5205012	5249648	5241226	5232632	5269982	5323403	5324486	5337426	5388569	5419544	5453301	5445535	5432293
Germany	DEU																															38893108	40048665	39895296	39670879	39928216	39801543	39822242	40046710	40077646	40291759	40251178	40333146	40451098	40654568	40557809	41256896	41603988	41882348	41886218	41947024	42007911	41659627	41735942	42101062	42318973	42592924	43055076	43289005	43560137	43577709	43506216
Djibouti	DJI																															205103	210392	214003	216941	219801	223854	230481	238113	246442	254926	263342	269869	276109	282236	288471	295047	304045	313616	323603	334126	344434	352285	360171	367950	375763	383775	391027	398751	406696	415214	423670
Dominica	DMA																																																													
Denmark	DNK																															2871314	2874846	2877186	2858414	2780846	2825968	2836607	2857119	2845775	2878840	2863199	2854562	2890555	2870393	2898633	2900837	2931221	2930742	2962829	2952581	2929914	2928270	2911831	2894622	2907019	2931334	3024663	2986512	3014756	3026441	3035902
Dominican Republic	DOM																															2571141	2636059	2709905	2780054	2845770	2915407	2985758	3060998	3135292	3209348	3282194	3287038	3384814	3388427	3452280	3509207	3656099	3705849	3803756	3733772	3907212	4089027	4215966	4307627	4399186	4663162	4763649	4838602	4917459	4993453	5067915
Algeria	DZA																															6477684	6735697	6981431	7259986	7539786	7796586	8049219	8251657	8460263	8670493	8880362	9106753	9326409	9543850	9763250	9984693	10196156	10400864	10601186	10800785	11075077	11294110	11533225	12002172	11585753	11742189	11904866	12051687	12173459	12303926	12427930
East Asia & Pacific (excluding high income)	EAP																															847214509	862057583	878930725	895908828	912121939	926673417	944949959	959187414	971880131	984863632	998617726	1006515766	1015571877	1026354278	1037704910	1045602169	1054870608	1066919473	1074628750	1081182104	1086997081	1096952074	1104524672	1109464206	1115372065	1119610745	1122663980	1126174614	1130393843	1132518723	1134392762
Early-demographic dividend	EAR																															726916892	746506876	766857601	785645667	808041400	827371784	847995179	870338250	893409522	917025013	937309175	958689390	979334365	1002406971	1028205215	1050689281	1066636137	1086034879	1101174931	1117886101	1135117984	1150849599	1167808134	1185920065	1203246003	1222989663	1241641896	1262309487	1281960644	1303740803	1325280075
East Asia & Pacific	EAS																															953970643	970885324	989309247	1007116734	1024753944	1040697495	1060434453	1076153565	1088979964	1102374853	1116858671	1125497120	1134979119	1145971778	1157884197	1166569349	1176797519	1190067759	1198570472	1205384412	1211747294	1222007398	1230125070	1236203530	1243496905	1248802243	1253029592	1257708850	1263544716	1265785108	1267487917
Europe & Central Asia (excluding high income)	ECA																															163875752	164505493	165074203	162633815	162369209	162281508	161573457	159932343	159497337	163791372	163911660	163112996	164623506	164754427	165867442	167391045	168251160	170319184	172284551	173731395	175349439	177262999	177954436	179333093	179993827	181464214	182568072	183181208	183951849	183743814	183435373
Europe & Central Asia	ECS																															387843715	390232358	390180125	387414718	387579867	387557716	387483952	386868466	387715779	393943253	395478288	394911390	397556907	399844316	402678315	406713603	409652846	413529800	417699492	419999102	422476330	424150766	426587389	428893760	430636403	432905006	435459819	437262666	439253877	439064377	438351133
Ecuador	ECU																															4039653	4179340	4314974	4453146	4602831	4745683	4882094	5025321	5350585	5459641	5568074	5667682	5767604	5867129	6214114	6301761	6573681	6583447	6747368	6704789	6740133	6804073	7012355	7088863	7213380	7645634	8042861	8305745	8365114	8545537	8717077
Egypt	EGY																															15505051	15895252	16290989	16726801	17523285	17551030	17858452	18140400	18414795	19569644	20042908	20380579	20750954	21601657	22457448	23290693	24085531	25207870	25685592	26583775	27413574	27823661	28585480	29412982	29974476	29541725	29891673	29629276	30177778	30828413	31441059
Euro area	EMU																															139723061	141538969	141035609	141140953	141949409	142179748	143178799	144166947	145371813	146896745	148029050	148410256	150454074	152608134	154053116	155920549	157386493	158962656	160468125	160879797	161203936	160771493	161800006	162221833	162519432	162916600	163847764	164483985	165304840	165299695	164941035
Eritrea	ERI																															997075	987905	971002	948028	924179	905575	906706	912248	924501	945005	975040	1030784	1095701	1166599	1236851	1302524	1349214	1389772	1426235	1455008	1479772	1492859									
Spain	ESP																															15598065	15746564	15891176	16119847	16433593	16548599	16828224	17155183	17432865	17760180	18276380	18210850	19060367	19838422	20511884	21283877	21905331	22459241	23073217	23333899	23533345	23570743	23581654	23386629	23181003	23115401	23103511	23047059	23065037	23120097	23034337
Estonia	EST																															773518	766569	751182	731797	716582	704354	693954	695454	680740	673734	679299	669058	654674	677787	678266	673822	693423	692045	697853	690504	683966	687768	684603	680794	675958	686173	695266	703684	705816	704366	699810
Ethiopia	ETH																															20024399	20707238	21447526	22191331	22972200	23903334	24766845	25646756	26549148	27488669	28475270	29397274	30379024	31405153	32462533	33555723	34550193	35596163	36711562	37912023	39200114	40614909	42102901	43655318	45172444	46718750	48240655	49804178	51412462	53195214	54994539
European Union	EUU																															192915865	194742843	194222619	194042793	194482609	194462115	194844836	195567389	196613016	198151757	199217046	199487250	200144636	201933394	203395227	205365646	206996811	208540629	210215521	210743587	211354253	210739030	212039861	212597037	213265285	213640167	214619510	215671072	216484704	216229439	215577651
Fragile and conflict affected situations	FCS																															139719004	143706204	147839390	152307171	156840115	161484601	165561721	169730151	173925798	178307857	182959182	187410228	191915886	196734925	201712273	206752609	211240346	215679068	220151812	224484193	229145905	234413652	237272779	240856704	246189138	251852084	256656152	261965556	268284291	274831882	281765220
Finland	FIN																															2622943	2581454	2536684	2514611	2494493	2475034	2457487	2503861	2522361	2566222	2586033	2608203	2623438	2620846	2611700	2627895	2661118	2690488	2718689	2689527	2679149	2692063	2698691	2684019	2687665	2695658	2688556	2709345	2742737	2739091	2737486
Fiji	FJI																															268981	273522	277306	282458	287499	293094	296255	298223	300066	301413	302260	307492	311825	315842	320195	325164	333823	343784	354519	365186	375114	382762	376467	369209	361568	358213	356390	357566	359311	362720	366196
France	FRA																															25837853	25827832	26038243	26165921	26245043	26392074	26717991	26685125	26854781	27159264	27361298	27429358	27762298	28318911	28501444	28783710	28938757	29189036	29401083	29643733	29742815	29744876	29984799	30126536	30068094	30138027	30197208	30236456	30391825	30386432	30394934
Faroe Islands	FRO																																																													
Micronesia, Federated States of	FSM																																																													
Gabon	GAB																															258628	264368	271562	278353	285588	293092	301138	309474	318607	329944	340723	351099	362537	374527	387888	402235	419365	436600	457286	479487	502518	525300	551170	578917	607763	636572	659706	681829	702504	721924	741583
United Kingdom	GBR																															29048944	28917705	28750719	28512326	28452559	28421142	28519943	28695072	28763330	29052220	29297919	29262559	29591473	29871865	30146839	30595928	31046499	31254090	31668286	31852142	32039432	32228976	32584504	32898627	33194855	33481424	33801224	34014019	34329233	34530463	34699630
Georgia	GEO																															2407832	2445111	2488748	2539822	2540841	2456000	2344989	2252468	2195427	2149594	2048942	2105357	2033135	2075411	2036509	2026035	2030337	2034021	2040372	2032770	2060302	2071061	2080870	2053666	2072665	2090740	2059913	2051071	2040890	2032911	2022124
Ghana	GHA																															6171321	6369036	6577805	6792399	7010721	7228087	7437072	7644514	7852594	8067162	8291712	8466821	8655538	8855586	9063721	9278307	9503223	9760681	10022524	10286932	10550916	10787589	11020927	11251257	11479968	11708016	12006769	12304378	12611514	12917053	13222264
Gibraltar	GIB																																																													
Guinea	GIN																															2240304	2296405	2352573	2408449	2466388	2526017	2583374	2642859	2704466	2765385	2825659	2874516	2920983	2970574	3022374	3078527	3147328	3217671	3294001	3376724	3456420	3538622	3623264	3713630	3810625	3915430	4029992	4151690	4285745	4444072	4608054
Gambia, The	GMB																															309235	319380	328893	338119	347327	356995	365459	374634	384570	395351	407071	420398	434670	449904	466104	483245	499963	517599	536233	555925	576676	596887	618373	638821	661176	683096	706105	729197	752678	779181	806375
Guinea-Bissau	GNB																															382232	390286	398898	407842	417174	426836	434292	442511	453402	463024	473073	484626	497208	510544	524516	539071	553549	568791	584828	601653	619191	636589	655738	675267	695515	715727	735684	756163	777324	799652	822891
Equatorial Guinea	GNQ																															143338	148070	152983	158279	164153	170680	177072	184493	192954	202398	212731	222269	233057	245207	258711	273458	287248	302737	319945	338661	358501	375049	393029	412573	433541	455553	471561	489077	508396	529729	552468
Greece	GRC																															4204475	4171938	4290680	4329134	4437200	4530131	4627562	4654139	4786865	4862323	4897261	4840491	4895102	4944727	5035555	5033802	5049315	5027405	5013953	5045350	5044902	4984694	4944480	4894597	4839603	4825534	4821995	4812433	4804346	4776602	4729920
Grenada	GRD																																																													
Greenland	GRL																																																													
Guatemala	GTM																															3031089	3125288	3218406	3309489	3404706	3508310	3604959	3712856	3829559	3946089	4064178	4189896	4313878	4431896	4557560	4670438	4789718	4916890	5049225	5182270	5313966	5455459	6048372	5761695	5970103	6097908	6307795	6498737	6680520	6847286	7035044
Guam	GUM																															65484	66884	68149	69293	70331	71331	72265	73061	73734	74470	75097	75488	75731	75833	75924	75994	76141	76257	76490	76820	77039	77246	77515	77820	78233	78662	79255	80074	80919	81746	82814
Guyana	GUY																															283010	285224	287771	290157	288929	287064	285748	284004	281661	278654	275199	271865	268156	267880	267778	268017	271292	274651	278176	281887	285812	289313	293155	297089	300937	304559	307920	311323	314014	316951	319199
High income	HIC																															492982627	498272013	501124591	503743637	508804773	513609304	518216103	523930391	527875731	533070243	538131920	540996649	544536489	548898050	553633690	560312847	566997624	573474778	580543837	583630657	586923399	588872482	594585800	598393979	603009721	607367701	613146373	618369408	623428375	625187581	626208693
Hong Kong SAR, China	HKG																															2870844	2921818	2916738	2953550	3023641	3104015	3237055	3265799	3308021	3352637	3395033	3442311	3498822	3491847	3534627	3555478	3598359	3653978	3666741	3685071	3659073	3724785	3808754	3882408	3901796	3935838	3951196	3962081	3964816	3953996	3939215
Honduras	HND																															1784106	1838861	1906668	1977901	2044541	2121485	2196214	2277132	2359405	2438377	2483193	2523585	2597298	2673908	2751489	2829288	2852114	2898829	3027231	3178886	3340585	3329453	3382450	3648442	3842079	4020478	4109395	4273483	4499704	4614041	4728969
Heavily indebted poor countries (HIPC)	HPC																															139270255	143379644	147760936	152325748	157036289	161968020	166520191	171189100	176066628	181131325	186431506	191677986	197330305	203253108	209390200	215657102	221257602	226853255	232638936	238655425	244888804	251333288	257804461	265405281	273143873	281274303	290201354	299562806	309415102	319461326	329806640
Croatia	HRV																															2220853	2174107	2109870	2109187	2120067	2091901	2055109	2035576	2024512	2007456	1981847	1898898	1872686	1884546	1935313	1935849	1921682	1936600	1941027	1937395	1913390	1875846	1855024	1834112	1885052	1887533	1828434	1821368	1794730	1778668	1760979
Haiti	HTI																															2695430	2741289	2783945	2826008	2871103	2920650	2970582	3024409	3081436	3140251	3200431	3285776	3375315	3468340	3564417	3663294	3757323	3853923	3948823	4048303	4138301	4243848	4347840	4454922	4560774	4664609	4768066	4871279	4975289	5080581	5186566
Hungary	HUN																															4514671	4515291	4530088	4385609	4256527	4182762	4079534	4011205	4065979	4139219	4160523	4147356	4150182	4221421	4202095	4273380	4304683	4287335	4258722	4258571	4299670	4316395	4369758	4402691	4527394	4617150	4685790	4714349	4731877	4720629	4703549
IBRD only	IBD																															1548281476	1576078782	1607286535	1636599009	1667574639	1695420674	1724556310	1752978254	1780169566	1812588238	1841132930	1864146592	1890449402	1919203081	1951345905	1979381242	1998433837	2020503318	2037362744	2054935745	2068171295	2084640497	2102691312	2119768657	2134980005	2151244719	2165806890	2180431409	2194893148	2208516155	2221678230
IDA & IBRD total	IBT																															1852963156	1889227769	1929288271	1967568401	2008501146	2045728327	2084842981	2123756329	2161326723	2204733460	2244434948	2278001316	2314898223	2355061914	2398781970	2437940296	2467850385	2501379334	2529978698	2559895116	2586222237	2615462608	2644141497	2672747461	2701075479	2732878146	2761648030	2793924119	2824662521	2855557048	2886359863
IDA total	IDA																															304681680	313148987	322001736	330969392	340926507	350307653	360286671	370778075	381157158	392145222	403302018	413854724	424448822	435858832	447436065	458559053	469416548	480876017	492615955	504959372	518050942	530822111	541450185	552978804	566095474	581633427	595841140	613492711	629769373	647040893	664681633
IDA blend	IDB																															93092344	95506279	98065916	100456115	103530738	105703616	109005301	112555995	115676143	119133511	122795110	125736651	128749829	132431438	136207394	139241110	142779293	146866015	150879404	155478394	160220605	164893296	167630288	170446524	174503984	179952491	183804423	188248096	192745669	197798166	202897297
Indonesia	IDN																															72957661	75993619	79045575	81254078	83511901	85844867	88133340	90511014	93915837	97238408	98572015	98971622	98793924	99695276	101659884	101403664	103510108	108973646	111346201	113069301	115642649	117859733	120702307	121501756	123126453	124649774	125957742	129622071	132737405	134776525	136694226
IDA only	IDX																															211589336	217642708	223935820	230513277	237395769	244604037	251281370	258222080	265481015	273011711	280506908	288118073	295698992	303427394	311228670	319317943	326637256	334010001	341736551	349480978	357830337	365928815	373819898	382532280	391591490	401680936	412036717	425244614	437023705	449242727	461784336
Isle of Man	IMN																																																													
India	IND																															316561107	323815936	331386003	339356492	347849532	355750638	363469074	371459178	379708697	388180658	396836575	406743498	416975693	427476859	438179539	449054910	451550700	454037720	456498871	458945435	461396923	462065519	462943180	467582214	472080476	476339891	480525905	484231730	487622021	494261426	500995152
Not classified	INX																																																													
Ireland	IRL																															1431709	1460805	1448782	1484526	1520501	1545970	1593922	1643047	1730346	1807653	1868576	1906289	1951665	1996482	2046510	2161450	2244294	2327511	2348644	2309703	2274046	2252813	2245120	2263599	2267353	2283198	2321591	2344064	2385556	2418323	2440256
Iran	IRN																															14214124	14478809	14774304	15066896	15365479	15679786	16084330	16776603	17508241	18300878	19159939	20096658	21090124	22124314	23169999	24207871	24202570	24163803	23408322	24064351	24034962	24157199	24267244	24357605	24417864	25359406	26559651	27419237	27770616	27903015	28026051
Iraq	IRQ																															3986328	4110003	4241207	4407474	4582251	4755938	4943634	5128691	5308718	5493951	5684769	5868714	6060411	6252393	6435171	6604401	6728591	6836656	6954541	7098561	7283181	7599634	7962730	8510817	9082831	9491635	9813997	9800982	10146991	10475720	10808616
Iceland	ISL																															142094	144001	147806	147898	149444	155103	153711	153679	158874	164020	169237	171637	171169	172123	173090	174963	181724	187329	189969	187696	188675	187894	189223	193203	198702	203034	208261	210583	212899	217840	219020
Israel	ISR																															1888957	2023867	2124663	2245726	2348423	2434242	2479910	2530681	2581308	2668758	2768248	2834833	2860592	2931356	3010884	3085480	3170720	3261520	3326803	3411322	3495159	3543445	3642457	3715106	3806769	3876919	3955835	4024831	4102822	4181133	4248718
Italy	ITA																															23910157	24086691	23330645	23199041	23006736	22871599	22961596	22987689	23123226	23255309	23278506	23401805	23665211	23977844	24515472	24357050	24397023	24379953	24708566	24507466	24460542	24476460	25035229	25171797	25567256	25541895	25812533	25985917	26034264	25946128	25850222
Jamaica	JAM																															1126134	1141765	1156784	1171428	1186262	1190826	1194456	1195855	1194425	1200604	1205332	1210580	1215456	1219782	1230023	1239125	1250552	1261521	1272700	1284568	1296940	1309739	1322369	1362982	1378813	1402369	1445230	1476965	1473383	1488632	1502399
Jordan	JOR																															775565	848210	916005	996882	1076633	1150265	1189620	1221327	1248670	1273989	1299889	1327717	1346839	1361898	1405100	1455781	1507477	1630982	1702078	1828747	1897440	1976035	2049933	2112457	2224346	2329440	2423692	2506538	2579658	2637892	2684907
Japan	JPN																															63876487	65018302	65854461	66178812	66492824	66838892	67372483	67978212	68042234	67828257	67652881	67601019	67173003	67065336	66725257	66734012	66802058	67143470	67100796	66914282	66663144	66043052	65639408	65970039	66175617	66363530	66850743	67288388	68358370	68139088	67802081
Kazakhstan	KAZ																															7970100	8038940	8062182	8063818	8019925	7939853	7863881	7775400	7686288	7649133	7647677	7671591	7714441	7763021	7806829	7951776	8084638	8229564	8383843	8573465	8721454	8808695	8893173	8972345	9061748	9116395	9070629	9003750	9030838	9053149	9063070
Kenya	KEN																															8866825	9208545	9572541	9950808	10334671	10719772	11085313	11448803	11811245	12191220	12433377	12616503	12814782	13014148	13194881	13349230	14010456	14678696	15358192	16060601	16791816	17540848	18328404	19149317	19993005	20855980	21750718	22401022	23057935	23879160	24728107
Kyrgyzstan	KGZ																															1692248	1725724	1763150	1786014	1817848	1849667	1883331	1914814	1959886	2006381	2049888	2088218	2136599	2174649	2218702	2311441	2381546	2396384	2404705	2410891	2447385	2489072	2496246	2476310	2507694	2545568	2548381	2530722	2564912	2607613	2635977
Cambodia	KHM																															3950032	4070320	4177473	4284405	4457356	4600157	4743403	4943130	5172725	5422148	5594661	6182972	6353256	6474385	6547067	6765702	6996448	7223392	7457586	7689325	8133020	8375694	8326368	8238537	8400669	8527881	8909071	9055041	9191221	9350230	9512780
Kiribati	KIR																																																													
Saint Kitts and Nevis	KNA																																																													
Korea, South	KOR																															19182772	19697871	20089632	20351324	20904536	21397788	21798898	22334662	22026281	22326933	22812596	23182387	23638175	23662545	24117623	24280376	24521665	24773836	24926023	24926774	25260618	25683904	26084471	26423221	27174554	27525319	27812568	28111033	28272711	28410822	28466640
Kuwait	KWT																															874482	864909				749947	763797	807707	869606	936822	989479	1019323	1042155	1054860	1082164	1125222	1183221	1258423	1352087	1470842	1594273	1707107	1828927	1958664	2082417	2193690	2265966	2334771	2383249	2424991	2460629
Latin America & Caribbean (excluding high income)	LAC																															161886450	166197874	171357185	176693778	181609851	186571280	189733282	196350790	201466641	206159415	210518682	215384541	220519908	225556424	231822371	237188469	242298000	246198369	250514759	256135830	258796346	261740305	268628456	272113219	275362476	280122952	283957421	288984014	293707403	297615853	301368445
Lao PDR	LAO																															1926366	1976116	2026771	2078160	2128646	2180639	2223221	2268458	2315808	2364408	2414192	2469864	2524420	2580268	2640270	2705468	2780650	2859012	2939412	3020432	3101150	3184410	3268906	3352803	3434293	3512358	3587963	3660958	3732339	3808740	3885842
Lebanon	LBN																															760798	813332	872382	941185	1009710	1071505	1099051	1125377	1146956	1179300	1223385	1278357	1349645	1427597	1496117	1556582	1598129	1624099	1636205	1662924	1717799	1806279	1917315	2035228	2140874	2225580	2299119	2349593	2381501	2398864	2402148
Liberia	LBR																															866129	852300	839132	832172	839091	864139	914413	986010	1068376	1147475	1214647	1258613	1288676	1318237	1345002	1381031	1428543	1485514	1548749	1613091	1674769	1730499	1783699	1835406	1889215	1944762	2048924	2106396	2165501	2232405	2301721
Libya	LBY																															1111000	1151941	1197605	1246701	1296968	1347130	1392062	1436844	1482794	1532079	1585790	1640590	1700221	1763454	1828065	1892248	1949041	2003261	2054055	2101080	2144062	2174305	2198693	2219306	2239204	2260872	2296579	2337299	2380602	2422261	2460060
Sanit Lucia	LCA																															54783	56095	57286	58372	59444	60542	61783	63150	64628	66158	67710	69288	71120	73181	75469	77678	80114	82343	84536	86318	87913	89885	91542	93017	94452	95818	97066	98287	99309	100322	101403
Latin America & Caribbean	LCN																															171180259	175716633	181132079	186714661	191858669	197070432	200475854	207334987	212650037	217498924	221939840	226951015	232199429	237484548	244032299	249686941	255083068	259267389	263979366	269722308	272554361	275773796	282836444	286492463	289918965	294834397	298846795	304080647	309038087	313157482	317068661
Least developed countries: UN classification	LDC																															196083360	201667728	207480628	213557522	219907300	226574076	232760484	239215170	245985060	252975865	259970089	267268945	274503369	281909468	289421991	297158465	304097874	311071677	318249822	325704088	333596948	341534273	349322899	357809221	366684265	376585200	386818233	399734730	411064442	422864675	434948539
Low income	LIC																															117827749	121121250	124545950	128091693	131776172	135747537	139322844	143017781	146936980	151152924	155466062	159780346	164334129	169091897	173983789	178994591	183518997	188228211	193206918	198148073	203404024	208614912	213836207	219605331	225418870	231960878	238820366	245916171	253290828	261130743	269259130
Liechtenstein	LIE																																																													
Sri Lanka	LKA																															7353809	7196361	7018188	7157479	7297658	7153418	7276672	7399074	7975716	7861675	7828927	7909375	7988923	8064721	8134992	8198567	8249104	8295230	8336135	8370781	8260776	8271580	8169581	8461992	8411401	8640692	8794294	8841823	8893806	8938985	8971002
Lower middle income	LMC																															646371883	661763586	677714749	694406688	712734347	728564668	745195444	762605915	780589156	799137766	817991998	836807023	855925526	876473260	897376513	917994526	930360637	943431968	955995885	970001721	984090856	996596513	1005474268	1020495812	1034583123	1049184805	1062970279	1077526579	1092712177	1111677344	1130682261
Low & middle income	LMY																															1829355227	1865773298	1905859151	1944215621	1985310277	2022763525	2062341202	2101343648	2139036928	2182543458	2222257770	2256015261	2294354913	2334893715	2378572195	2417752266	2447679087	2481354137	2509719011	2539639402	2565593918	2594913274	2623408409	2651994461	2680080660	2712074284	2740956970	2772943825	2803683433	2834778498	2865784058
Lesotho	LSO																															702504	725358	749238	774051	798460	822264	841839	860553	877576	891734	897608	899095	896561	891891	887305	884079	880486	879608	880835	883249	886436	890686	896113	902683	915219	927804	938647	951051	962772	974311	986024
Late-demographic dividend	LTE																															966215077	979333689	994091445	1009175059	1023098919	1037239945	1051945402	1064707368	1075190749	1090835069	1105431681	1113396048	1124924490	1137086314	1149861413	1161607603	1170775050	1180234532	1189016725	1197315920	1201419086	1209256705	1217486281	1223076876	1227853995	1232623108	1235120508	1238176276	1240119998	1239933562	1239389961
Lithuania	LTU																															1786373	1786538	1782768	1774179	1762191	1750001	1735999	1722522	1710316	1712631	1682389	1643876	1625857	1683861	1594105	1553567	1511787	1511349	1512398	1522430	1503825	1495263	1484350	1473110	1481145	1470309	1482451	1468938	1472661	1457292	1428266
Luxembourg	LUX																															160004	165593	170050	169988	171636	167621	171288	173829	176479	181745	188745	189068	194924	195020	201398	207421	213165	215951	220426	234336	237899	243415	255177	263170	273727	282750	283597	293653	302721	310000	315170
Latvia	LVA																															1286786	1274465	1252601	1227081	1204317	1186079	1175732	1171893	1147245	1121001	1090112	1090836	1115182	1096895	1098382	1093788	1119663	1136039	1150509	1106604	1062925	1035978	1041158	1020611	1006084	1008394	1006942	1003688	1000226	983102	965139
Macao SAR, China	MAC																															146860	151354	156976	160466	163965	172363	199366	201990	205475	210298	215681	225563	227517	231076	243982	258018	274852	295059	309280	320764	331692	342540	349819	359096	370786	376729	377725	381711	385783	388164	390040
Sanit Martin (French part)	MAF																																																													
Morocco	MAR																															7414534	7610402	7834260	8047779	8218364	8474038	8639371	8887437	9101000	9341386	9566346	9783679	9926515	10222898	10459942	10617034	10753619	10929845	11089710	11304813	11512216	11722079	11760785	11856742	11841519	11817891	11780964	11742989	11918297	12067484	12203685
Monaco	MCO																																																													
Moldova	MDA																															1072561	1074843	1081353	1082813	1110778	1111546	1119210	1117116	1128278	1136784	1141282	1144283	1148325	1155047	1162933	1139136	1110016	1080193	1049212	1017184	996901	1013568	978234	996549	993101	1052791	1009773	982127	988570	963122	952585
Madagascar	MDG																															5466216	5632436	5807440	5992446	6187521	6390897	6590798	6801524	7022095	7251953	7491031	7725325	7979495	8237296	8505691	8782870	9135659	9495139	9863528	10244344	10638131	10958031	11286313	11611874	11931368	12238090	12620212	13010466	13409202	13851504	14307144
Maldives	MDV																															57941	59894	61954	64166	66553	69162	72613	76308	80369	84975	90256	96265	103078	110541	118359	126288	133826	141578	149903	159356	170312	183622	198646	214991	232102	244273	254851	270136	283491	296776	306070
Middle East & North Africa	MEA																															69342239	71500013	72868242	75269745	77978700	80727023	82734097	85071053	87416743	90944791	93966320	96703231	99548889	103301504	107083582	110982481	114044168	117733069	120119267	124271196	127977551	131057572	134312828	137756050	139890576	142542500	145754905	147525533	150094614	152701123	155210683
Mexico	MEX																															29903146	30775439	31943638	33156800	33898692	34592590	35481346	37200555	37922367	38276913	38988543	39453523	39986960	41050988	42271111	43770581	45216603	46263086	47053017	48002417	48831112	49847433	51369079	52139332	52542478	53574700	54396002	55131907	56253063	57142190	58004305
Marshall Islands	MHL																																																													
Middle income	MIC																															1711527478	1744652048	1781313201	1816123928	1853534106	1887015989	1923018358	1958325867	1992099949	2031390533	2066791707	2096234915	2130020784	2165801818	2204588406	2238757676	2264160090	2293125926	2316512093	2341491329	2362189894	2386298361	2409572202	2432389130	2454661789	2480113405	2502136604	2527027654	2550392604	2573647755	2596524928
North Macedonia	MKD																															814715	815799	815381	814767	812988	812990	817468	818791	821853	825209	836650	847756	857670	870758	878602	886512	893457	907871	924502	936643	945639	948108	945993	959395	964018	960040	952035	957156	959864	959685	958956
Mali	MLI																															3134545	3193430	3272160	3358891	3452133	3550678	3641059	3738904	3842068	3953328	4075313	4193086	4325597	4463494	4614155	4770334	4922987	5086334	5256044	5429862	5605545	5765464	5932865	6104085	6279936	6450183	6651300	6863272	7086706	7335419	7599866
Malta	MLT																															136741	140688	142112	143877	144863	145979	147902	149737	151750	153875	155994	159299	160237	161252	158483	161004	163303	167384	169725	172310	176145	180334	186718	194968	202540	208231	215515	223557	235579	243422	242769
Myanmar	MMR																															18876138	19294600	19622056	19965309	20308856	20677465	21064184	21469775	21876525	22222904	22514729	22745959	22949511	23108968	23243786	23354868	23423831	23494272	23581656	23672659	23788001	24023191	24249153	24469862	24695947	24925876	24611006	24283550	24470007	24690588	24921783
Middle East & North Africa (excluding high income)	MNA																															59445140	61216845	63054471	65076861	67440859	69125702	70912881	72977594	74999470	78104885	80502312	82735206	85030286	88055256	90949401	93770538	95550757	97732223	98531178	101074667	103079275	104765342	106628850	108862370	109894307	111397978	113791731	114909246	116886513	118726720	120538944
Montenegro	MNE																															226916	228292	229669	230895	231958	232766	232799	232509	232193	231600	231387	232228	233245	234396	235199	236022	237583	239151	240916	241283	242320	242914	249962	250757	262634	268047	271005	271367	277016	277234	277721
Mongolia	MNG																															736567	759899	784244	804583	821150	834956	856024	874668	893631	914539	939189	963062	988050	1013271	1036425	1061831	1085832	1107893	1130429	1153072	1171446	1210110	1215683	1243019	1268989	1287072	1278706	1306828	1319351	1331891	1342479
Northern Mariana Islands	MNP																																																													
Mozambique	MOZ																															5898118	6099891	6364939	6661059	6961788	7245300	7445314	7636688	7888661	8135206	8385280	8618196	8859074	9105708	9320233	9537873	9720676	9913064	10112823	10317103	10525354	10733724	10944988	11161894	11389306	11628554	11989898	12371703	12772428	13193108	13627998
Mauritania	MRT																															574023	589148	604760	620098	637664	653142	670132	689863	708834	727706	749659	765400	782581	800738	819661	839050	858169	878715	900256	922826	946165	969365	993655	1027052	1061636	1099054	1135240	1172264	1210148	1248249	1287327
Mauritius	MUS																															451189	459163	467045	473746	481704	487653	491566	498411	505490	513708	519737	525785	529506	532252	534564	544400	547108	545361	551777	557200	569253	566473	573785	588505	595863	603765	600981	608131	608753	610685	613293
Malawi	MWI																															4050219	4118579	4153270	4161363	4181615	4214624	4271932	4356318	4458488	4569425	4682608	4778551	4880811	4991200	5110581	5239651	5382187	5533411	5693784	5865436	6049595	6241349	6450974	6673992	6887247	7106401	7334170	7563865	7799084	8079230	8374495
Malaysia	MYS																															7060418	7273535	7486466	7696940	7914956	8140176	8384820	8646794	8968962	9250756	9528178	9790165	10053165	10330303	10616597	10918791	11174392	11442231	11632624	11982379	12266013	12823341	13336103	13939869	14282710	14612026	14851647	15114465	15381536	15673198	15953910
North America	NAC																															142616433	143456317	145584436	147067315	149693748	151720892	153765760	156452049	158451298	160714018	162919445	164156616	165468215	166484038	167764855	169768291	171843439	173500650	175582702	175820435	175820752	176037197	177886699	178232558	179093684	180275679	182435485	184432664	185827935	186473916	187212530
Namibia	NAM																															444372	458775	472860	487662	501972	508852	514401	520439	536865	553745	571170	587776	604639	621917	639620	657719	678879	699590	720208	741249	762845	782547	803562	860775	875346	885771	897022	904494	911498	937006	962535
New Caledonia	NCL																															74830	78078	81383	84724	88000	90723	93102	95126	96795	98536	100287	102243	104346	106340	108257	110150	112869	115318	117729	120013	122359	124123	126177	128340	130467	132479	134548	136683	138742	140768	142000
Niger	NER																															3272955	3377428	3496433	3622498	3755807	3896652	4029876	4172143	4318919	4476668	4641817	4793047	4958059	5132217	5317473	5508656	5688091	5882818	6087800	6312924	6547781	6788041	6861640	6917466	6948511	7225239	7503949	7799638	8111179	8423258	8750331
Nigeria	NGA																															32058465	32859513	33652634	34548217	35482256	36439785	37320907	38262439	39254783	40317120	41372859	42380692	43326706	44414245	45524729	46722817	47913307	49159600	50457057	51778077	53136654	54538708	53684327	52793935	53691627	54559255	55288066	56831352	58403811	59873566	61384184
Nicaragua	NIC																															1363095	1406647	1441065	1475438	1512662	1551830	1614785	1680079	1747365	1814093	1888587	1946416	2002526	2057643	2112782	2168486	2226874	2295887	2365077	2433832	2501760	2571111	2640236	2708643	2775819	2832718	2890622	2947535	2992406	3048887	3104616
Netherlands	NLD																															6911900	7020794	7112229	7184149	7304957	7373854	7471364	7667665	7810630	7963539	8159146	8307265	8443016	8482131	8539576	8387775	8433281	8607701	8768135	8852905	8830037	8849590	8961620	8987420	8966901	9034853	9051897	9111169	9227941	9275661	9280637
Norway	NOR																															2146166	2133722	2141223	2143367	2168819	2213744	2266649	2328296	2374367	2379488	2404097	2415586	2437716	2407793	2422482	2431488	2466086	2523697	2598991	2598469	2607331	2625969	2670882	2697657	2722748	2762074	2769807	2762942	2799958	2818011	2839739
Nepal	NPL																															9343888	9605675	9900769	10219372	10548077	10876567	11141035	11396959	11647097	11899084	12125672	12350086	12572667	12791930	13005573	13213972	13475182	13718246	13936142	14153681	14340209	14437342	14526349	14630189	14772424	14970822	15384208	15853018	16359487	16885875	17407517
Nauru	NRU																																																													
New Zealand	NZL																															1621375	1702678	1709718	1728019	1773639	1816972	1868348	1888204	1894176	1909755	1928886	1966167	2027864	2065641	2121367	2178594	2229990	2265374	2286703	2302498	2324565	2353431	2362332	2393487	2464398	2513183	2608432	2696341	2721966	2764798	2786376
OECD members	OED																															515532958	521865820	526675356	529370472	536285592	541139110	547074316	554267790	559417715	565096809	569801043	573592443	578765230	584056685	588812658	596566418	602961955	609227946	616608636	621141646	624966541	628223027	634885301	639385710	644349800	650163705	657488060	664154419	670979824	674135872	676449524
Oman	OMN																															560295	607210	659453	714481	766261	808494	806836	797856	788952	785545	786494	801606	828941	865628	903541	946780	1008209	1080018	1166100	1272399	1402133	1562303	1751335	1956038	2159684	2349315	2482965	2601786	2701563	2793208	2878139
Other small states	OSS																															6619402	6767422	6900980	7028744	7167587	7303151	7420920	7562756	7716067	7879131	8052951	8247569	8430401	8679126	8915622	9204124	9576232	9978043	10419307	10856256	11247224	11603437	11970336	12385356	12734345	13083984	13384104	13711036	14039596	14371876	14681670
Pakistan	PAK																															31125055	31861873	32679345	33219725	34393806	34623037	36114640	37754656	38981417	40510311	42187598	43334222	44598494	46385762	48265201	49367625	50436609	51949186	53493295	55580747	57625791	59221677	61250812	63325687	64834459	67754731	69170840	70602092	72040845	73943766	75862533
Panama	PAN																															928581	959637	1003830	1049001	1084274	1132956	1163958	1194633	1227093	1259502	1297277	1334440	1372784	1412006	1455694	1495406	1508707	1554921	1626905	1635412	1639824	1641861	1726928	1787803	1813556	1858187	1910880	1937154	2029802	2070438	2110079
Peru	PER																															7822971	8048687	8432989	8824715	9224263	9750079	10285845	10841059	11250206	11712840	11691900	12499551	13078289	13429289	13975181	13759891	14527741	15158539	15376277	15658664	16008776	16126917	16335923	16464314	16558647	16583446	16965614	17810899	18346713	18864899	19356012
Philippines	PHL																															22733197	23468577	24224415	24942811	25611413	26330572	26997549	27701652	28522298	29245312	29991325	30710464	31394098	31893366	32728948	33626298	34560515	35437025	36364331	37593724	38576559	39898107	40483458	41189338	42517540	43017635	43863054	43007823	43864623	44815390	45731522
Palau	PLW																																																													
Papua New Guinea	PNG																															1946069	1990677	2027981	2057763	2109738	2182911	2233877	2311722	2391269	2458917	2535708	2521790	2501911	2476638	2446735	2412608	2375821	2334422	2287795	2235477	2177224	2236190	2289550	2345719	2383465	2429159	2486045	2549967	2618045	2671927	2727004
Poland	POL																															17631466	17738986	17825819	17784447	17597971	17390974	17329802	17195305	17230691	17165879	17319259	17575061	17379278	17300482	17265652	17529374	17324552	17327863	17563966	17832022	18035953	18101817	18228625	18269077	18388187	18315532	18376997	18443681	18391322	18260472	18116926
Pre-demographic dividend	PRE																															153188013	157652061	162411356	167511139	172719771	177959525	182741440	187620475	192723913	198102384	203594954	209016888	214746944	220871906	227175478	233633753	240030263	246468525	252944541	259651946	266590785	273967180	279249019	285347529	293415568	302123642	311098413	320569795	330705014	341265684	352213794
Puerto Rico	PRI																															1148729	1186684	1198476	1254845	1259582	1264571	1309906	1354395	1368768	1378319	1349864	1366527	1381483	1388238	1389093	1404150	1411440	1387579	1356478	1336388	1317579	1287848	1257461	1227508	1191175	1153413	1134198	1107555	1061756	1050067	1021239
Korea, North	PRK																															12214252	12501451	12727106	12906987	13076582	13252883	13396467	13539683	13682968	13830392	13968606	14116908	14255434	14386109	14521007	14659697	14785692	14918653	15064243	15214525	15353585	15497821	15633810	15762128	15894385	16026561	16142033	16271467	16395998	16503701	16586604
Portugal	PRT																															4757823	4886690	4750057	4767935	4812804	4820194	4882536	4978284	5127309	5183870	5252383	5358098	5444716	5469216	5452228	5506132	5531886	5553482	5547285	5492349	5489573	5430781	5387979	5296733	5240751	5216392	5203775	5248650	5267545	5239181	5200142
Paraguay	PRY																															1706598	1757024	1805441	1860615	1918799	1975337	2033045	2092196	2153046	2216084	2281327	2346093	2413845	2443553	2634611	2662606	2640489	2745306	2804539	2916827	2892250	2964215	3164739	3187574	3175766	3240419	3338124	3406346	3534912	3596812	3659296
West Bank and Gaza	PSE																															416485	435732	455505	475969	497430	520074	545341	568234	581106	597258	622231	584344	591293	658732	671885	702795	727564	777089	793182	824001	862886	922984	962633	997642	1039013	1120554	1150479	1190006	1214123	1260102	1304301
Pacific island small states	PSS																															543274	556251	568200	582033	595354	608376	619544	630078	640170	650186	660614	676410	691153	704401	718100	732248	750270	769358	789222	810731	830430	847201	851536	855398	858640	866388	876274	889745	904506	921380	939187
Post-demographic dividend	PST																															467186690	471557316	474456614	476377437	480818276	484230919	488217558	492819741	495659134	499595275	503895017	505684591	509544328	512987404	516351831	521392462	526319067	530982576	535886533	537129220	537949356	538133819	541708303	544190233	546633902	549651976	554105483	558042524	562023313	562758025	562882073
French Polynesia	PYF																															76497	78296	80097	81923	83782	85699	88243	90421	92495	94532	96564	98514	100535	102385	104071	105560	107032	108283	109797	111134	112325	113516	114661	115400	115886	115919	116449	116822	116929	117164	117216
Qatar	QAT																															277199	284544	288330	292665	296559	301025	305418	308850	316895	327728	339550	357949	378433	410427	461114	544308	674606	843596	1033319	1227567	1413296	1536175	1651717	1758797	1858956	1952246	2004463	2046136	2085366	2124504	2165431
Romania	ROU																															12234010	12198923	12215637	12251206	12280263	12279653	11923047	11975721	11812041	11821172	11758898	11398822	10266418	9966317	9906396	9603716	9752372	9571583	9347165	9224239	9369334	9179103	9226931	9184265	9210239	9114728	8952240	9108470	9054882	8932844	8820503
Russian Federation	RUS																															75907379	75816833	75815499	74001160	72079451	71747586	70990365	69681289	68954118	73023652	73401400	72086047	73035301	72916910	73630048	74185621	74468037	75479974	76009109	76037311	75886864	76029232	75821325	75440763	75238592	75015705	74939907	74184005	73825998	73025684	72298425
Rwanda	RWA																															3358526	3298674	3170101	3027792	2945158	2939240	3021103	3195964	3414032	3618078	3781974	3933699	4045193	4135370	4224852	4325877	4440129	4563000	4691690	4824053	4958711	5089382	5226281	5368436	5513220	5668191	5837087	6007191	6178259	6362559	6555834
South Asia	SAS																															402228271	411580558	421461910	431887558	443515517	453334251	464278437	475628167	487290861	498834873	510822446	523631503	536963562	551111084	565504977	579210603	584182922	589539511	594843202	600703835	606417493	610194042	614570907	623218349	630876674	640071138	647751993	657566180	664696955	675416171	686194085
Saudi Arabia	SAU																															5024970	5153542	5306353	5409601	5500871	5585373	5668256	5764534	5877425	6026070	6358134	6572358	6850203	7198614	7570672	7952470	8298579	8645764	8979507	9319559	9882594	10562881	11306424	11979485	12555354	13185854	13607874	13839522	14019589	14387604	14731295
Sudan	SDN																															5477865	5738808	6020903	6316331	6615340	6911032	7150691	7321371	7487984	7657461	7835104	8025018	8224621	8430084	8636843	8841043	9017365	9189270	9361569	9540477	9730694	9952705	10193741	10471692	10767864	11069998	11378646	11701253	12055376	12410692	12779579
Senegal	SEN																															2146488	2211372	2279289	2348435	2418988	2484997	2546011	2605548	2663262	2722486	2787867	2856413	2933045	3007732	3086598	3168879	3257631	3311009	3364623	3419239	3474632	3529008	3585357	3643629	3702672	3763014	3877928	3997403	4122004	4255475	4392588
Singapore	SGP																															1503589	1563835	1624032	1681316	1753775	1825993	1915393	1998756	2075053	2106295	2161298	2229787	2228163	2202696	2238545	2317560	2432256	2582875	2790771	2903354	3005326	3090038	3207317	3272484	3364032	3451949	3496292	3497085	3493801	3527065	3549465
Solomon Islands	SLB																															141573	146370	151145	156764	162190	167760	173706	180110	186401	193033	201053	208169	214841	220819	226928	233058	238867	244677	250557	257644	263848	270188	277485	285152	293198	301523	309610	318217	327185	336195	345281
Sierra Leone	SLE																															1553380	1557823	1562246	1551955	1544030	1543998	1543475	1553006	1569155	1599488	1640578	1705035	1773113	1856476	1988943	2048781	2091044	2125776	2155989	2185793	2217794	2246071	2276842	2309294	2342408	2423877	2484881	2548635	2614289	2681359	2751178
El Salvador	SLV																															1924705	1970031	2019345	2091857	2159605	2171421	2153305	2175168	2269657	2286724	2292302	2298391	2303105	2384868	2359955	2404645	2457997	2511421	2539621	2568100	2533520	2561793	2628932	2684423	2666287	2665700	2729547	2743560	2757089	2789514	2820274
San Marino	SMR																																																													
Somalia	SOM																															2051979	2049400	2044118	2042931	2049976	2066518	2094952	2138605	2192169	2252552	2316206	2369095	2430874	2499158	2568599	2641196	2698513	2755408	2814936	2883299	2961297	3034384	3121047	3219574	3324728	3433878	3549907	3671052	3797583	3924821	4059573
Serbia	SRB																															3323203	3347503	3382868	3410961	3430727	3379424	3385828	3374513	3364377	3377060	3354615	3345563	3337919	3330992	3319971	3311012	3294952	3290024	3238034	3141328	3064179	3048600	3067915	3111697	3123027	3096714	3191611	3219215	3241884	3218840	3199988
Sub-Saharan Africa (excluding high income)	SSA																															194705106	200214946	205980657	212014782	218252902	224777367	230893187	237267340	243902488	250789280	257884943	264635250	271645775	279062246	286723094	294589444	302525640	310645376	318916571	326811572	334954284	343998512	351101088	359003225	368581310	379407257	390223774	402128563	414046869	426757216	439854450
South Sudan	SSD																															2270097	2235458	2186932	2138710	2108608	2107923	2148275	2224622	2325403	2435291	2544117	2642960	2741666	2845883	2963592	3099538	3254104	3424297	3601391	3774340	3935224	4072075	4194850	4302956	4396493	4476729	4536023	4580761	4621451	4678892	4753851
Sub-Saharan Africa	SSF																															195156295	200674109	206447703	212488528	218734607	225265020	231384753	237765751	244407978	251302989	258404680	265161034	272175280	279594498	287257658	295133845	303072748	311190737	319468348	327368772	335523536	344564985	351674873	359591730	369177174	380011022	390824754	402736694	414655622	427367900	440467743
Small states	SST																															9586187	9785552	9970897	10149168	10342182	10519933	10676220	10850958	11033938	11231327	11437899	11673940	11897102	12197661	12493751	12839012	13264687	13717680	14211734	14695428	15127001	15526688	15938257	16423119	16812857	17209018	17579359	17966482	18321443	18700142	19054865
Sao Tome and Principe	STP																															34858	35740	36520	37265	38024	38834	39635	40521	41498	42559	43679	44748	45858	46984	48208	49537	51500	53676	55857	57999	59916	61464	62826	64034	65181	66400	67718	69052	70431	71899	73407
Suriname	SUR																															130935	134215	137011	139114	141673	144088	146853	149882	152820	155672	158912	161748	164611	167793	171196	174403	177899	181495	185114	188655	192326	195996	199316	202560	205494	207998	209869	212398	214906	217284	219356
Slovakia	SVK																															2618066	2630371	2573246	2520108	2457066	2481113	2516117	2517345	2525215	2551618	2585035	2632890	2623707	2658451	2674169	2661942	2653642	2650184	2681842	2672217	2683419	2686186	2710943	2718599	2724373	2739915	2763870	2762020	2754200	2743160	2729740
Slovenia	SVN																															934614	936464	937060	936622	937498	940002	943716	960268	979227	965214	961301	969892	983804	963198	1010541	1019058	1025703	1040273	1036288	1043621	1043812	1022991	1017582	1012983	1017334	1010900	998363	1029116	1037571	1034477	1024570
Sweden	SWE																															4743268	4726207	4634766	4533403	4510507	4563353	4556746	4529787	4518571	4544548	4514130	4561359	4578161	4604143	4616940	4688630	4750136	4824803	4892114	4908238	4944327	5000799	5035590	5099406	5143092	5186060	5250661	5336002	5411383	5470074	5503812
Eswatini	SWZ																															221812	230420	238337	245868	253415	260915	267016	273432	279785	285590	290806	296054	299883	302836	305304	307324	310596	313970	317574	320954	323984	327742	331855	336082	340789	345515	353023	360335	367535	374768	382283
Sint Maarten (Dutch part)	SXM																																																													
Seychelles	SYC																																																													
Syria	SYR																															3582088	3692565	3795713	3934079	4087772	4245575	4340526	4431615	4521999	4697426	4864915	4965069	5055715	5133348	5154566	5196070	5321189	5469332	5694211	5653560	5754731	5747161	5659136	5529342	5396018	5285815	5186809	5133279	5129679	5191550	5325512
Turks and Caicos Islands	TCA																																																													
Chad	TCD																															2260715	2322853	2388538	2465335	2539255	2620921	2701627	2787783	2880283	2982566	3092609	3200778	3318768	3441325	3561670	3689976	3819476	3951332	4088341	4231822	4378760	4534867	4695294	4864920	5039678	5221720	5408037	5597518	5788876	5995556	6211098
East Asia & Pacific (IDA & IBRD countries)	TEA																															835000257	849556132	866203619	883001841	899045357	913420534	931553492	945647732	958197163	971033240	984649120	992398858	1001316444	1011968169	1023183903	1030942472	1040084916	1052000819	1059564507	1065967578	1071643496	1081454252	1088890862	1093702078	1099477680	1103584184	1106521947	1109903147	1113997845	1116015022	1117806158
Europe & Central Asia (IDA & IBRD countries)	TEC																															195962081	196617509	197225529	194778655	194367509	194044036	192881415	191138945	190564581	194785879	194971665	193985777	194141887	193905772	194974802	196459983	197249766	199155230	201136708	202725052	204668116	206419765	207265016	208620547	209477306	210782008	211725742	212554727	213192783	212715798	212133781
Togo	TGO																															1670175	1709886	1749260	1792555	1834111	1883436	1946374	2015066	2092429	2170227	2248103	2316476	2383981	2450042	2518613	2590403	2662625	2722835	2783916	2845384	2906970	2966196	3049851	3136271	3225004	3315730	3407416	3501093	3596555	3700152	3807072
Thailand	THA																															29684397	30200416	30659792	31076642	31497561	32191743	33033196	33800866	34062609	34153080	35015836	35307698	35806249	36281076	36813012	37344942	37574914	38304070	38752683	39187970	38939038	40059084	40105864	39233144	38995309	38916820	38662091	38490554	38907795	38989896	39046373
Tajikistan	TJK																															1246682	1268282	1290124	1312265	1334681	1357726	1385261	1412659	1441568	1474372	1512526	1556400	1606161	1661446	1722010	1782279	1843009	1904637	1967124	2032796	2083873	2126753	2169813	2211382	2250177	2286008	2317977	2365515	2412933	2464790	2515792
Turkmenistan	TKM																															1331957	1372820	1421688	1471340	1524651	1574988	1619175	1666802	1710977	1753449	1797086	1842040	1882003	1919544	1960071	2005528	2049272	2102019	2159983	2216987	2269255	2323971	2371490	2413879	2456077	2500114	2532460	2571947	2614576	2653050	2687113
Latin America & the Caribbean (IDA & IBRD countries)	TLA																															165587598	170018349	175350545	180810928	185894726	191058858	194377344	201166373	206447776	211268852	215706955	220673281	225862057	231085867	237583112	243125651	248436839	252537902	257227938	262879214	265753205	268987206	276073622	279750030	283211352	288152370	292182341	297444132	302446925	306575538	310523453
Timor-Leste	TLS																															335043	343165	350334	356626	362589	366805	364253	361111	358841	355792	353733	358810	368484	378026	376332	378363	376484	383843	390379	402234	412677	421479	432266	449540	474447	481975	497106	516671	531648	546036	560219
Middle East & North Africa (IDA & IBRD countries)	TMN																															59028655	60781113	62598966	64600892	66943430	68605628	70367540	72409360	74418363	77507627	79880080	82150862	84438993	87396523	90277516	93067743	94823194	96955134	97737996	100250666	102216389	103842358	105666218	107864728	108855294	110277425	112641252	113719240	115672391	117466618	119234643
Tonga	TON																															32044	32916	33575	34131	34718	34686	34728	34921	35164	35359	35500	36097	36552	36920	37291	37617	38024	38501	38818	39028	39074	39104	38957	38767	38534	38419	38645	39140	39833	40537	41407
South Asia (IDA & IBRD)	TSA																															402228271	411580558	421461910	431887558	443515517	453334251	464278437	475628167	487290861	498834873	510822446	523631503	536963562	551111084	565504977	579210603	584182922	589539511	594843202	600703835	606417493	610194042	614570907	623218349	630876674	640071138	647751993	657566180	664696955	675416171	686194085
Sub-Saharan Africa (IDA & IBRD countries)	TSS																															195156295	200674109	206447703	212488528	218734607	225265020	231384753	237765751	244407978	251302989	258404680	265161034	272175280	279594498	287257658	295133845	303072748	311190737	319468348	327368772	335523536	344564985	351674873	359591730	369177174	380011022	390824754	402736694	414655622	427367900	440467743
Trinidad and Tobago	TTO																															463959	474385	483682	492217	508210	522817	538615	549206	560038	568710	577292	586962	597170	617274	636832	655422	661027	664074	668099	664457	655908	651345	662774	667912	675061	671319	668436	667691	667593	666923	666096
Tunisia	TUN																															2521819	2600034	2675175	2764820	2851620	2934546	3012283	3087100	3133669	3177959	3221210	3258502	3294136	3328887	3363181	3397403	3492965	3563483	3640083	3728599	3807781	3872163	3962510	3955425	3972201	3993436	4012596	4036987	4061682	4087299	4107042
Turkey	TUR																															19672893	20041385	20178525	19234777	20657052	20944086	21251639	21215774	21764624	22203014	21414874	21768238	22073032	21909698	21875152	22316274	22239126	22626117	23361213	24207113	25218298	26285363	26780195	27839270	28689600	29780340	30831360	31954592	32826049	33368843	33817015
Tuvalu	TUV																																																													
Tanzania	TZA																															11988148	12390597	12827730	13283224	13738475	14181813	14564865	14940575	15318762	15711780	16129365	16563387	17084441	17622863	18183450	18766992	19327648	19776480	20241230	20711345	21182726	21660222	22146911	22639079	23136032	23877145	24659135	25467538	26304005	27170342	28076821
Uganda	UGA																															6308412	6496349	6687504	6886069	7091287	7303410	7491603	7688644	7897648	8122393	8365485	8621452	8898397	9194472	9507721	9836694	10174677	10531262	10906910	11301737	11717458	12149266	12606240	13061480	13549586	14078249	14657926	15285775	15935453	16658774	17383132
Ukraine	UKR																															24701838	24691660	24725614	24741382	24733712	24684842	24311969	23888989	23454291	22984718	23222236	22730301	22574832	22442456	22286334	22160268	22031878	21910062	21799062	21735581	21665468	21629151	21413103	21571143	20941076	20945249	20755122	20610189	20432109	20203893	19967119
Upper middle income	UMC																															1065155595	1082888462	1103598452	1121717240	1140799759	1158451321	1177822914	1195719952	1211510793	1232252767	1248799710	1259427892	1274095258	1289328558	1307211893	1320763149	1333799453	1349693958	1360516208	1371489609	1378099038	1389701849	1404097934	1411893318	1420078667	1430928600	1439166325	1449501075	1457680427	1461970411	1465842667
Uruguay	URY																															1386138	1398907	1434398	1432371	1471816	1502374	1516210	1530111	1542930	1541915	1559123	1602473	1577246	1570328	1571276	1583330	1620756	1662809	1688609	1707588	1711304	1732530	1730349	1726790	1750156	1749234	1750871	1748271	1749881	1762838	1774616
United States	USA																															127951198	128716397	130869552	132265527	134761841	136693852	138602157	141048402	142801308	144779757	146729576	147698388	148526037	149140813	150211571	152071960	153931108	155224880	157006864	157109264	156903447	156975333	158636184	158755710	159532062	160596354	162547573	164268059	165483017	165890069	166499849
Uzbekistan	UZB																															7463448	7630972	7844459	8053609	8256754	8458787	8685206	8928935	9170534	9379681	9633136	9903749	10176881	10452785	10734046	11024626	11322661	11639281	11975753	12323124	12815569	13266134	13571417	13887642	14203629	14502140	14786980	15042030	15289417	15555948	15766496
Saint Vincent and the Grenadines	VCT																															41583	42380	43195	43903	44480	45200	45779	46389	46977	47509	48002	48709	49512	50325	51026	51640	52151	52432	52599	52732	52925	53190	53581	54021	54408	54733	55173	55689	56243	56676	57284
Venezuela	VEN																															7551238	7828163	8099471	8345412	8574708	8846522	9095701	9388497	9637887	9841470	10132232	10420000	10604401	10797459	11222301	11582823	11963901	12121420	12330270	12515621	12716270	12931945	13092390	13340802	13481826	13520458	13271796	12945078	12554309	12364879	12259021
British Virgin Islands	VGB																																																													
Virgin Islands	VIR																															48634	49670	50351	50659	50873	51177	50868	51025	51490	51850	52068	52681	53186	53568	53839	54133	54218	54342	54434	54406	54321	54028	53707	53360	53013	52702	52513	52316	52142	51887	51712
Vietnam	VNM																															32727740	33598967	34445298	35300161	36161741	37038109	37884774	38811828	39810235	40814558	41755111	42829880	43786510	44674604	45574755	46528366	47389057	48308166	49277089	50213112	51254209	52620771	53347074	54667903	55355047	55760129	55991171	56565992	56915235	57364650	57790281
Vanuatu	VUT																															57309	59175	61163	63267	64985	66926	68532	69921	71305	72984	74585	77101	80028	82662	85340	87879	90623	93299	95803	98618	101741	104119	106959	109953	112760	115560	118971	122043	125122	128427	131943
World	WLD																															2322337854	2364045311	2406983742	2447959258	2494115050	2536372829	2580557306	2625274039	2666912659	2715613701	2760389690	2797011910	2838891402	2883791765	2932205885	2978065113	3014676711	3054828915	3090262848	3123270059	3152517317	3183785755	3217994209	3250388441	3283090381	3319441985	3354103343	3391313233	3427111807	3459966078	3491992750
Samoa	WSM																															43367	44268	45010	45413	45962	45911	46323	46904	47233	47397	47218	47552	47906	48158	48346	48531	48933	49097	49525	50255	50654	51028	51668	52316	52581	52673	52658	52779	53053	53500	54360
Kosovo	XKX																																																													
Yemen	YEM																															2474560	2634476	2805892	2991349	3171760	3375374	3528511	3684197	3844816	4015596	4087227	4174375	4261917	4353994	4456206	4569920	4683882	4811325	4948412	5089345	5231134	5317446	5408994	5504702	5604445	5845660	6080279	6312623	6545429	6734980	6923963
South Africa	ZAF																															12458299	12853459	13283568	13718235	14148098	14570407	14950943	15326565	15708186	16087761	16471123	16811093	17156465	17519516	17885919	18260867	18609972	18973326	19364230	19109934	18905468	19233222	19751234	20358274	20829666	21690077	22092829	22696993	22947458	23300226	23643034
Zambia	ZMB																															3386713	3474542	3563039	3651052	3748395	3848340	3950752	4061973	4180890	4301609	4424140	4534804	4647235	4761077	4878856	5002008	5087016	5179313	5278661	5384858	5498359	5638639	5786679	5988958	6201159	6423437	6650519	6888188	7134980	7401485	7675156
Zimbabwe	ZWE																															4672096	4795267	4924691	5045571	5153837	5255918	5331574	5397419	5386871	5358654	5469367	5561944	5645604	5723422	5798642	5822516	5876435	5930682	5986964	6046715	6110137	6194817	6285165	6385719	6486479	6587744	6686030	6792647	6907202	7039493	7176754
